"Date","Blr_Dsl","Chn_Dsl","Del_Dsl","Hyd_Dsl","Mub_Dsl","Blr_Ptr","Chn_Ptr","Del_Ptr","Hyd_Ptr","Mub_Ptr"
2020-01-01,"Same","Same","Same","Same","Same","Up","Up","Up","Up","Up"
2020-01-02,"Up","Up","Up","Up","Up","Up","Up","Up","Up","Up"
2020-01-03,"Up","Up","Up","Up","Up","Up","Up","Up","Up","Up"
2020-01-04,"Up","Up","Up","Up","Up","Up","Up","Up","Up","Up"
2020-01-05,"Up","Up","Up","Up","Up","Up","Up","Up","Up","Up"
2020-01-06,"Up","Up","Up","Up","Up","Up","Up","Up","Up","Up"
2020-01-07,"Up","Up","Up","Up","Up","Up","Up","Up","Up","Up"
2020-01-08,"Same","Same","Same","Same","Same","Down","Down","Down","Down","Down"
2020-01-09,"Up","Up","Up","Up","Up","Up","Up","Up","Up","Up"
2020-01-10,"Up","Up","Up","Up","Up","Up","Up","Up","Up","Up"
2020-01-11,"Up","Up","Up","Up","Up","Up","Up","Up","Up","Up"
2020-01-12,"Down","Down","Down","Down","Down","Down","Down","Down","Down","Down"
2020-01-13,"Down","Down","Down","Down","Down","Down","Down","Down","Down","Down"
2020-01-14,"Same","Same","Same","Same","Same","Down","Down","Down","Down","Down"
2020-01-15,"Same","Same","Same","Same","Same","Down","Down","Down","Down","Down"
2020-01-16,"Down","Down","Down","Down","Down","Down","Down","Down","Down","Down"
2020-01-17,"Down","Down","Down","Down","Down","Down","Down","Down","Down","Down"
2020-01-18,"Down","Down","Down","Down","Down","Down","Down","Down","Down","Down"
2020-01-19,"Down","Down","Down","Down","Down","Down","Down","Down","Down","Down"
2020-01-20,"Down","Down","Down","Down","Down","Down","Down","Down","Down","Down"
2020-01-21,"Down","Down","Down","Down","Down","Down","Down","Down","Down","Down"
2020-01-22,"Same","Same","Same","Same","Same","Same","Same","Same","Same","Same"
2020-01-23,"Down","Down","Down","Down","Down","Down","Down","Down","Down","Down"
2020-01-24,"Down","Down","Down","Down","Down","Down","Down","Down","Down","Down"
2020-01-25,"Same","Same","Same","Same","Same","Down","Down","Down","Down","Down"
2020-01-26,"Down","Down","Down","Down","Down","Down","Down","Down","Down","Down"
2020-01-27,"Down","Down","Down","Down","Down","Down","Down","Down","Down","Down"
2020-01-28,"Down","Down","Down","Down","Down","Down","Down","Down","Down","Down"
2020-01-29,"Same","Same","Same","Same","Same","Same","Same","Same","Same","Same"
2020-01-30,"Down","Down","Down","Down","Down","Down","Down","Down","Down","Down"
2020-01-30,"Same","Same","Same","Same","Same","Down","Down","Down","Down","Down"
2020-01-31,"Down","Down","Down","Down","Down","Down","Down","Down","Down","Down"
2020-02-01,"Down","Down","Down","Down","Down","Down","Down","Down","Down","Down"
2020-02-02,"Down","Down","Down","Down","Down","Down","Down","Down","Down","Down"
2020-02-03,"Down","Down","Down","Down","Down","Down","Down","Down","Down","Down"
2020-02-04,"Down","Down","Down","Down","Down","Same","Same","Same","Same","Same"
2020-02-05,"Same","Same","Same","Same","Same","Down","Down","Down","Down","Down"
2020-02-06,"Down","Down","Down","Down","Down","Down","Down","Down","Down","Down"
2020-02-07,"Down","Down","Down","Down","Down","Down","Down","Down","Down","Down"
2020-02-08,"Down","Down","Down","Down","Down","Down","Down","Down","Down","Down"
2020-02-09,"Same","Same","Same","Same","Same","Down","Down","Down","Down","Down"
2020-02-10,"Down","Down","Down","Down","Down","Down","Down","Down","Down","Down"
2020-02-11,"Down","Down","Down","Down","Down","Same","Same","Same","Same","Same"
2020-02-12,"Same","Same","Same","Same","Same","Same","Same","Same","Same","Same"
2020-02-13,"Down","Down","Down","Down","Down","Same","Same","Same","Same","Same"
2020-02-14,"Same","Same","Same","Same","Same","Same","Same","Same","Same","Same"
2020-02-15,"Down","Down","Down","Down","Down","Same","Same","Same","Same","Same"
2020-02-16,"Same","Same","Same","Same","Same","Same","Same","Same","Same","Same"
2020-02-17,"Same","Same","Same","Same","Same","Down","Down","Down","Down","Down"
2020-02-18,"Down","Down","Down","Down","Down","Same","Same","Same","Same","Same"
2020-02-19,"Same","Same","Same","Same","Same","Same","Same","Same","Same","Same"
2020-02-20,"Same","Same","Same","Same","Same","Same","Same","Same","Same","Same"
2020-02-21,"Same","Same","Same","Same","Same","Same","Same","Same","Same","Same"
2020-02-22,"Same","Same","Same","Same","Same","Up","Up","Up","Up","Up"
2020-02-23,"Same","Same","Same","Same","Same","Up","Up","Up","Up","Up"
2020-02-24,"Up","Up","Up","Up","Up","Same","Same","Same","Same","Same"
2020-02-25,"Same","Same","Same","Same","Same","Same","Same","Same","Same","Same"
2020-02-26,"Same","Same","Same","Same","Same","Down","Down","Down","Down","Down"
2020-02-27,"Down","Down","Down","Down","Down","Same","Same","Same","Same","Same"
2020-02-28,"Down","Down","Down","Down","Down","Down","Down","Down","Down","Down"
2020-02-29,"Down","Down","Down","Down","Down","Down","Down","Down","Down","Down"
2020-03-01,"Down","Down","Down","Down","Down","Down","Down","Down","Down","Down"
2020-03-02,"Down","Down","Down","Down","Down","Down","Down","Down","Down","Down"
2020-03-03,"Down","Down","Down","Down","Down","Same","Same","Same","Same","Same"
2020-03-04,"Same","Same","Same","Same","Same","Down","Down","Down","Down","Down"
2020-03-05,"Down","Down","Down","Down","Down","Down","Down","Down","Down","Down"
2020-03-06,"Down","Down","Down","Down","Down","Down","Down","Down","Down","Down"
2020-03-07,"Down","Down","Down","Down","Down","Down","Down","Down","Down","Down"
2020-03-08,"Down","Down","Down","Down","Down","Down","Down","Down","Down","Down"
2020-03-09,"Down","Down","Down","Down","Down","Down","Down","Down","Down","Down"
2020-03-10,"Same","Same","Same","Same","Same","Same","Same","Same","Same","Same"
2020-03-11,"Same","Same","Same","Same","Same","Down","Down","Down","Down","Down"
2020-03-12,"Down","Down","Down","Down","Down","Down","Down","Down","Down","Down"
2020-03-13,"Down","Down","Down","Down","Down","Down","Down","Down","Down","Down"
2020-03-14,"Down","Down","Down","Down","Down","Down","Down","Down","Down","Down"
2020-03-15,"Down","Down","Down","Down","Down","Down","Down","Down","Down","Down"
2020-03-16,"Down","Down","Down","Down","Down","Same","Same","Same","Same","Same"
2020-03-17,"Same","Same","Same","Same","Same","Same","Same","Same","Same","Same"
2020-03-18,"Same","Same","Same","Same","Same","Same","Same","Same","Same","Same"
2020-03-19,"Same","Same","Same","Same","Same","Same","Same","Same","Same","Same"
2020-03-20,"Same","Same","Same","Same","Same","Same","Same","Same","Same","Same"
2020-03-21,"Same","Same","Same","Same","Same","Same","Same","Same","Same","Same"
2020-03-22,"Same","Same","Same","Same","Same","Same","Same","Same","Same","Same"
2020-03-23,"Same","Same","Same","Same","Same","Same","Same","Same","Same","Same"
2020-03-24,"Same","Same","Same","Same","Same","Same","Same","Same","Same","Same"
2020-03-25,"Same","Same","Same","Same","Same","Same","Same","Same","Same","Same"
2020-03-26,"Same","Same","Same","Same","Same","Same","Same","Same","Same","Same"
2020-03-27,"Same","Same","Same","Same","Same","Same","Same","Same","Same","Same"
2020-03-28,"Same","Same","Same","Same","Same","Same","Same","Same","Same","Same"
2020-03-29,"Same","Same","Same","Same","Same","Same","Same","Same","Same","Same"
2020-03-30,"Same","Same","Same","Same","Same","Same","Same","Same","Same","Same"
2020-03-31,"Same","Same","Same","Same","Same","Same","Same","Same","Same","Same"
2020-04-01,"Same","Same","Same","Same","Same","Same","Same","Same","Same","Same"
2020-04-02,"Same","Same","Same","Same","Same","Same","Same","Same","Same","Same"
2020-04-03,"Same","Same","Same","Same","Same","Same","Same","Same","Same","Same"
2020-04-04,"Same","Same","Same","Same","Same","Same","Same","Same","Same","Same"
2020-04-05,"Same","Same","Same","Same","Same","Up","Same","Same","Same","Up"
2020-04-06,"Same","Same","Same","Same","Same","Same","Same","Same","Same","Same"
2020-04-07,"Up","Same","Same","Same","Up","Same","Same","Same","Same","Same"
2020-04-08,"Same","Same","Same","Same","Same","Same","Same","Same","Same","Same"
2020-04-09,"Same","Same","Same","Same","Same","Same","Same","Same","Same","Same"
2020-04-10,"Same","Same","Same","Same","Same","Same","Same","Same","Same","Same"
2020-04-11,"Same","Same","Same","Same","Same","Same","Same","Same","Same","Same"
2020-04-13,"Same","Same","Same","Same","Same","Same","Same","Same","Same","Same"
2020-04-14,"Same","Same","Same","Same","Same","Same","Same","Same","Same","Same"
2020-04-15,"Same","Same","Same","Same","Same","Same","Same","Same","Same","Same"
2020-04-16,"Same","Same","Same","Same","Same","Same","Same","Same","Same","Same"
2020-04-17,"Same","Same","Same","Same","Same","Same","Same","Same","Same","Same"
2020-04-18,"Same","Same","Same","Same","Same","Same","Same","Same","Same","Same"
2020-04-19,"Same","Same","Same","Same","Same","Same","Same","Same","Same","Same"
2020-04-20,"Same","Same","Same","Same","Same","Same","Same","Same","Same","Same"
2020-04-21,"Same","Same","Same","Same","Same","Same","Same","Same","Same","Same"
2020-04-22,"Same","Same","Same","Same","Same","Same","Same","Same","Same","Same"
2020-04-23,"Same","Same","Same","Same","Same","Same","Same","Same","Same","Same"
2020-04-24,"Same","Same","Same","Same","Same","Same","Same","Same","Same","Same"
2020-04-25,"Same","Same","Same","Same","Same","Same","Same","Same","Same","Same"
2020-04-26,"Same","Same","Same","Same","Same","Same","Same","Same","Same","Same"
2020-04-27,"Same","Same","Same","Same","Same","Same","Same","Same","Same","Same"
2020-04-28,"Same","Same","Same","Same","Same","Same","Same","Same","Same","Same"
2020-04-29,"Same","Same","Same","Same","Same","Same","Same","Same","Same","Same"
2020-04-30,"Same","Same","Same","Same","Same","Same","Same","Same","Same","Same"
2020-05-01,"Same","Same","Same","Same","Same","Same","Same","Same","Same","Same"
2020-05-02,"Same","Same","Same","Same","Same","Same","Same","Same","Same","Same"
2020-05-03,"Same","Same","Same","Same","Same","Same","Same","Same","Same","Same"
2020-05-04,"Same","Same","Same","Same","Same","Same","Same","Same","Same","Same"
2020-05-05,"Same","Up","Up","Same","Same","Same","Up","Up","Same","Same"
2020-05-06,"Same","Same","Same","Same","Same","Same","Same","Same","Same","Same"
2020-05-07,"Same","Same","Same","Same","Same","Same","Same","Same","Same","Same"
2020-05-08,"Same","Same","Same","Same","Same","Same","Same","Same","Same","Same"
2020-05-09,"Same","Same","Same","Same","Same","Same","Same","Same","Same","Same"
2020-05-10,"Same","Same","Same","Same","Same","Same","Same","Same","Same","Same"
2020-05-11,"Same","Same","Same","Same","Same","Same","Same","Same","Same","Same"
2020-05-12,"Same","Same","Same","Same","Same","Same","Same","Same","Same","Same"
2020-05-13,"Same","Same","Same","Same","Same","Same","Same","Same","Same","Same"
2020-05-14,"Same","Same","Same","Same","Same","Same","Same","Same","Same","Same"
2020-05-15,"Same","Same","Same","Same","Same","Same","Same","Same","Same","Same"
2020-05-16,"Same","Same","Same","Same","Same","Same","Same","Same","Same","Same"
2020-05-17,"Same","Same","Same","Same","Same","Same","Same","Same","Same","Same"
2020-05-18,"Same","Same","Same","Same","Same","Same","Same","Same","Same","Same"
2020-05-19,"Same","Same","Same","Same","Same","Same","Same","Same","Same","Same"
2020-05-20,"Same","Same","Same","Same","Same","Same","Same","Same","Same","Same"
2020-05-21,"Same","Same","Same","Same","Same","Same","Same","Same","Same","Same"
2020-05-22,"Same","Same","Same","Same","Same","Same","Same","Same","Same","Same"
2020-05-23,"Same","Same","Same","Same","Same","Same","Same","Same","Same","Same"
2020-05-24,"Same","Same","Same","Same","Same","Same","Same","Same","Same","Same"
2020-05-25,"Same","Same","Same","Same","Same","Same","Same","Same","Same","Same"
2020-05-26,"Same","Same","Same","Same","Same","Same","Same","Same","Same","Same"
2020-05-27,"Same","Same","Same","Same","Same","Same","Same","Same","Same","Same"
2020-05-28,"Same","Same","Same","Same","Same","Same","Same","Same","Same","Same"
2020-05-29,"Same","Same","Same","Same","Same","Same","Same","Same","Same","Same"
2020-05-30,"Same","Same","Same","Same","Same","Same","Same","Same","Same","Same"
2020-05-31,"Same","Same","Same","Same","Same","Same","Same","Same","Same","Same"
2020-06-01,"Same","Same","Same","Same","Up","Same","Same","Same","Same","Up"
2020-06-02,"Same","Same","Same","Same","Same","Same","Same","Same","Same","Same"
2020-06-03,"Same","Same","Same","Same","Same","Same","Same","Same","Same","Same"
2020-06-04,"Same","Same","Same","Same","Same","Same","Same","Same","Same","Same"
2020-06-05,"Same","Same","Same","Same","Same","Same","Same","Same","Same","Same"
2020-06-06,"Same","Same","Same","Same","Same","Same","Same","Same","Same","Same"
2020-06-07,"Same","Same","Same","Same","Same","Up","Up","Up","Up","Up"
2020-06-08,"Same","Same","Same","Same","Same","Up","Up","Up","Up","Up"
2020-06-09,"Up","Up","Up","Up","Up","Up","Up","Up","Up","Up"
2020-06-10,"Up","Up","Up","Up","Up","Up","Up","Up","Up","Up"
2020-06-11,"Same","Same","Same","Same","Same","Up","Up","Up","Up","Up"
2020-06-12,"Up","Up","Up","Up","Up","Up","Up","Up","Up","Up"
2020-06-13,"Up","Up","Up","Up","Up","Up","Up","Up","Up","Up"
2020-06-14,"Up","Up","Up","Up","Up","Up","Up","Up","Up","Up"
2020-06-15,"Up","Down","Up","Up","Up","Up","Down","Up","Up","Up"
2020-06-16,"Up","Up","Up","Up","Up","Up","Up","Up","Up","Up"
2020-06-17,"Up","Up","Up","Up","Up","Up","Up","Up","Up","Up"
2020-06-18,"Up","Up","Up","Up","Up","Up","Up","Up","Up","Up"
2020-06-19,"Up","Up","Up","Up","Up","Up","Up","Up","Up","Up"
2020-06-20,"Up","Up","Up","Up","Up","Up","Up","Up","Up","Up"
2020-06-21,"Up","Up","Up","Up","Up","Up","Up","Up","Up","Up"
2020-06-22,"Up","Up","Up","Up","Up","Up","Up","Up","Up","Up"
2020-06-23,"Up","Up","Up","Up","Up","Up","Up","Up","Up","Up"
2020-06-24,"Up","Up","Up","Up","Up","Same","Same","Same","Same","Same"
2020-06-25,"Up","Up","Up","Up","Up","Up","Up","Up","Up","Up"
2020-06-26,"Up","Up","Up","Up","Up","Up","Up","Up","Up","Up"
2020-06-27,"Up","Up","Up","Up","Up","Up","Up","Up","Up","Up"
2020-06-28,"Same","Same","Same","Same","Same","Same","Same","Same","Same","Same"
2020-06-29,"Up","Up","Up","Up","Up","Up","Up","Up","Up","Up"
2020-06-30,"Same","Same","Same","Same","Same","Same","Same","Same","Same","Same"
2020-07-01,"Same","Same","Same","Same","Same","Same","Same","Same","Same","Same"
2020-07-02,"Same","Same","Same","Same","Same","Same","Same","Same","Same","Same"
2020-07-03,"Same","Same","Same","Same","Same","Same","Same","Same","Same","Same"
2020-07-04,"Same","Same","Same","Same","Same","Same","Same","Same","Same","Same"
2020-07-05,"Same","Same","Same","Same","Same","Same","Same","Same","Same","Same"
2020-07-06,"Same","Same","Same","Same","Same","Same","Same","Same","Same","Same"
2020-07-07,"Up","Up","Up","Up","Up","Same","Same","Same","Same","Same"
2020-07-08,"Same","Same","Same","Same","Same","Same","Same","Same","Same","Same"
2020-07-09,"Same","Same","Same","Same","Same","Same","Same","Same","Same","Same"
2020-07-10,"Same","Same","Same","Same","Same","Same","Same","Same","Same","Same"
2020-07-11,"Same","Same","Same","Same","Same","Same","Same","Same","Same","Same"
2020-07-12,"Up","Up","Up","Up","Up","Same","Same","Same","Same","Same"
2020-07-13,"Up","Up","Up","Up","Up","Same","Same","Same","Same","Same"
2020-07-14,"Same","Same","Same","Same","Same","Same","Same","Same","Same","Same"
2020-07-15,"Up","Up","Up","Up","Up","Same","Same","Same","Same","Same"
2020-07-16,"Same","Same","Same","Same","Same","Same","Same","Same","Same","Same"
2020-07-17,"Up","Up","Up","Up","Up","Same","Same","Same","Same","Same"
2020-07-18,"Up","Up","Up","Up","Up","Same","Same","Same","Same","Same"
2020-07-19,"Same","Same","Same","Same","Same","Same","Same","Same","Same","Same"
2020-07-20,"Up","Up","Up","Up","Up","Same","Same","Same","Same","Same"
2020-07-21,"Same","Same","Same","Same","Same","Same","Same","Same","Same","Same"
2020-07-22,"Same","Same","Same","Same","Same","Same","Same","Same","Same","Same"
2020-07-23,"Same","Same","Same","Same","Same","Same","Same","Same","Same","Same"
2020-07-24,"Same","Same","Same","Same","Same","Same","Same","Same","Same","Same"
2020-07-25,"Up","Up","Up","Up","Up","Same","Same","Same","Same","Same"
2020-07-26,"Up","Up","Up","Up","Up","Same","Same","Same","Same","Same"
2020-07-27,"Same","Same","Same","Same","Same","Same","Same","Same","Same","Same"
2020-07-28,"Same","Same","Same","Same","Same","Same","Same","Same","Same","Same"
2020-07-29,"Same","Same","Same","Same","Same","Same","Same","Same","Same","Same"
2020-07-30,"Same","Same","Same","Same","Same","Same","Same","Same","Same","Same"
2020-07-31,"Same","Same","Down","Same","Same","Same","Same","Same","Same","Same"
2020-08-01,"Same","Same","Same","Same","Same","Same","Same","Same","Same","Same"
2020-08-02,"Same","Same","Same","Same","Same","Same","Same","Same","Same","Same"
2020-08-03,"Same","Same","Same","Same","Same","Same","Same","Same","Same","Same"
2020-08-04,"Same","Same","Same","Same","Same","Same","Same","Same","Same","Same"
2020-08-05,"Same","Same","Same","Same","Same","Same","Same","Same","Same","Same"
2020-08-06,"Same","Same","Same","Same","Same","Same","Same","Same","Same","Same"
2020-08-07,"Same","Same","Same","Same","Same","Same","Same","Same","Same","Same"
2020-08-08,"Same","Same","Same","Same","Same","Same","Same","Same","Same","Same"
2020-08-09,"Same","Same","Same","Same","Same","Same","Same","Same","Same","Same"
2020-08-10,"Same","Same","Same","Same","Same","Same","Same","Same","Same","Same"
2020-08-11,"Same","Same","Same","Same","Same","Same","Same","Same","Same","Same"
2020-08-12,"Same","Same","Same","Same","Same","Same","Same","Same","Same","Same"
2020-08-13,"Same","Same","Same","Same","Same","Same","Same","Same","Same","Same"
2020-08-14,"Same","Same","Same","Same","Same","Same","Same","Same","Same","Same"
2020-08-15,"Same","Same","Same","Same","Same","Same","Same","Same","Same","Same"
2020-08-16,"Up","Same","Same","Up","Same","Up","Up","Up","Up","Up"
2020-08-17,"Same","Same","Same","Same","Same","Up","Up","Up","Up","Up"
2020-08-18,"Same","Same","Same","Same","Same","Up","Up","Up","Up","Up"
2020-08-19,"Same","Same","Same","Same","Same","Same","Same","Same","Same","Same"
2020-08-20,"Same","Same","Same","Same","Same","Up","Up","Up","Up","Up"
2020-08-21,"Same","Same","Same","Same","Same","Up","Up","Up","Up","Up"
2020-08-22,"Same","Same","Same","Same","Same","Up","Up","Up","Up","Up"
2020-08-23,"Same","Same","Same","Same","Same","Up","Up","Up","Up","Up"
2020-08-24,"Same","Same","Same","Same","Same","Up","Up","Up","Up","Up"
2020-08-25,"Same","Same","Same","Same","Same","Up","Up","Up","Up","Up"
2020-08-26,"Same","Same","Same","Same","Same","Same","Same","Same","Same","Same"
2020-08-27,"Same","Same","Same","Same","Same","Up","Up","Up","Up","Up"
2020-08-28,"Same","Same","Same","Same","Same","Up","Up","Up","Up","Up"
2020-08-29,"Same","Same","Same","Same","Same","Same","Same","Same","Same","Same"
2020-08-30,"Same","Same","Same","Same","Same","Up","Up","Up","Up","Up"
2020-08-31,"Same","Same","Same","Same","Same","Same","Same","Same","Same","Same"
2020-09-01,"Same","Same","Same","Same","Same","Up","Up","Up","Up","Up"
2020-09-02,"Same","Same","Same","Same","Same","Same","Same","Same","Same","Same"
2020-09-03,"Down","Down","Down","Down","Down","Same","Same","Same","Same","Same"
2020-09-04,"Same","Same","Same","Same","Same","Same","Same","Same","Same","Same"
2020-09-05,"Down","Down","Down","Down","Down","Same","Same","Same","Same","Same"
2020-09-06,"Same","Same","Same","Same","Same","Same","Same","Same","Same","Same"
2020-09-07,"Down","Down","Down","Down","Down","Same","Same","Same","Same","Same"
2020-09-08,"Same","Same","Same","Same","Same","Same","Same","Same","Same","Same"
2020-09-09,"Same","Same","Same","Same","Same","Same","Same","Same","Same","Same"
2020-09-10,"Down","Down","Down","Down","Down","Down","Down","Down","Down","Down"
2020-09-11,"Same","Same","Same","Same","Same","Same","Same","Same","Same","Same"
2020-09-12,"Down","Down","Down","Down","Down","Down","Down","Down","Down","Down"
2020-09-13,"Same","Same","Same","Same","Same","Same","Same","Same","Same","Same"
2020-09-14,"Down","Down","Down","Down","Down","Down","Down","Down","Down","Down"
2020-09-15,"Down","Down","Down","Down","Down","Down","Down","Down","Down","Down"
2020-09-16,"Same","Same","Same","Same","Same","Same","Same","Same","Same","Same"
2020-09-17,"Down","Down","Down","Down","Down","Down","Down","Down","Down","Down"
2020-09-18,"Down","Down","Down","Down","Down","Down","Down","Down","Down","Down"
2020-09-19,"Down","Down","Down","Down","Down","Same","Same","Same","Same","Same"
2020-09-20,"Down","Down","Down","Down","Down","Same","Same","Same","Same","Same"
2020-09-21,"Down","Down","Down","Down","Down","Same","Same","Same","Same","Same"
2020-09-22,"Down","Down","Down","Down","Down","Down","Down","Down","Down","Down"
2020-09-23,"Same","Same","Same","Same","Same","Same","Same","Same","Same","Same"
2020-09-24,"Same","Same","Same","Same","Same","Same","Same","Same","Same","Same"
2020-09-25,"Down","Down","Down","Down","Down","Same","Same","Same","Same","Same"
2020-09-26,"Down","Down","Down","Down","Down","Same","Same","Same","Same","Same"
2020-09-27,"Down","Down","Down","Down","Down","Same","Same","Same","Same","Same"
2020-09-28,"Down","Down","Down","Down","Down","Same","Same","Same","Same","Same"
2020-09-29,"Down","Down","Down","Down","Down","Same","Same","Same","Same","Same"
2020-09-30,"Same","Same","Same","Same","Same","Same","Same","Same","Same","Same"
2020-10-01,"Down","Down","Down","Down","Down","Same","Same","Same","Same","Same"
2020-10-02,"Down","Down","Down","Down","Down","Same","Same","Same","Same","Same"
2020-10-03,"Same","Same","Same","Same","Same","Same","Same","Same","Same","Same"
2020-10-04,"Same","Same","Same","Same","Same","Same","Same","Same","Same","Same"
2020-10-05,"Same","Same","Same","Same","Same","Same","Same","Same","Same","Same"
2020-10-06,"Same","Same","Same","Same","Same","Same","Same","Same","Same","Same"
2020-10-07,"Same","Same","Same","Same","Same","Same","Same","Same","Same","Same"
2020-10-08,"Same","Same","Same","Same","Same","Same","Same","Same","Same","Same"
2020-10-09,"Same","Same","Same","Same","Same","Same","Same","Same","Same","Same"
2020-10-10,"Same","Same","Same","Same","Same","Same","Same","Same","Same","Same"
2020-10-11,"Same","Same","Same","Same","Same","Same","Same","Same","Same","Same"
2020-10-12,"Same","Same","Same","Same","Same","Same","Same","Same","Same","Same"
2020-10-13,"Same","Same","Same","Same","Same","Same","Same","Same","Same","Same"
2020-10-14,"Same","Same","Same","Same","Same","Same","Same","Same","Same","Same"
2020-10-15,"Same","Same","Same","Same","Same","Same","Same","Same","Same","Same"
2020-10-16,"Same","Same","Same","Same","Same","Same","Same","Same","Same","Same"
2020-10-17,"Same","Same","Same","Same","Same","Same","Same","Same","Same","Same"
2020-10-18,"Same","Same","Same","Same","Same","Same","Same","Same","Same","Same"
2020-10-19,"Same","Same","Same","Same","Same","Same","Same","Same","Same","Same"
2020-10-20,"Same","Same","Same","Same","Same","Same","Same","Same","Same","Same"
2020-10-21,"Same","Same","Same","Same","Same","Same","Same","Same","Same","Same"
2020-10-22,"Same","Same","Same","Same","Same","Same","Same","Same","Same","Same"
2020-10-23,"Same","Same","Same","Same","Same","Same","Same","Same","Same","Same"
2020-10-24,"Same","Same","Same","Same","Same","Same","Same","Same","Same","Same"
2020-10-25,"Same","Same","Same","Same","Same","Same","Same","Same","Same","Same"
2020-10-26,"Same","Same","Same","Same","Same","Same","Same","Same","Same","Same"
2020-10-27,"Same","Same","Same","Same","Same","Same","Same","Same","Same","Same"
2020-10-28,"Same","Same","Same","Same","Same","Same","Same","Same","Same","Same"
2020-10-29,"Same","Same","Same","Same","Same","Same","Same","Same","Same","Same"
2020-10-30,"Same","Same","Same","Same","Same","Same","Same","Same","Same","Same"
2020-10-31,"Same","Same","Same","Same","Same","Same","Same","Same","Same","Same"
2020-11-01,"Same","Same","Same","Same","Same","Same","Same","Same","Same","Same"
2020-11-02,"Same","Same","Same","Same","Same","Same","Same","Same","Same","Same"
2020-11-03,"Same","Same","Same","Same","Same","Same","Same","Same","Same","Same"
2020-11-04,"Same","Same","Same","Same","Same","Same","Same","Same","Same","Same"
2020-11-05,"Same","Same","Same","Same","Same","Same","Same","Same","Same","Same"
2020-11-06,"Same","Same","Same","Same","Same","Same","Same","Same","Same","Same"
2020-11-07,"Same","Same","Same","Same","Same","Same","Same","Same","Same","Same"
2020-11-08,"Same","Same","Same","Same","Same","Same","Same","Same","Same","Same"
2020-11-09,"Same","Same","Same","Same","Same","Same","Same","Same","Same","Same"
2020-11-10,"Same","Same","Same","Same","Same","Same","Same","Same","Same","Same"
2020-11-11,"Same","Same","Same","Same","Same","Same","Same","Same","Same","Same"
2020-11-12,"Same","Same","Same","Same","Same","Same","Same","Same","Same","Same"
2020-11-13,"Same","Same","Same","Same","Same","Same","Same","Same","Same","Same"
2020-11-14,"Same","Same","Same","Same","Same","Same","Same","Same","Same","Same"
2020-11-15,"Same","Same","Same","Same","Same","Same","Same","Same","Same","Same"
2020-11-16,"Same","Same","Same","Same","Same","Same","Same","Same","Same","Same"
2020-11-17,"Same","Same","Same","Same","Same","Same","Same","Same","Same","Same"
2020-11-18,"Same","Same","Same","Same","Same","Same","Same","Same","Same","Same"
2020-11-19,"Same","Same","Same","Same","Same","Same","Same","Same","Same","Same"
2020-11-20,"Up","Up","Up","Up","Up","Up","Up","Up","Up","Up"
2020-11-21,"Up","Up","Up","Up","Up","Up","Up","Up","Up","Up"
2020-11-22,"Up","Up","Up","Up","Up","Up","Up","Up","Up","Up"
2020-11-23,"Up","Up","Up","Up","Up","Up","Up","Up","Up","Up"
2020-11-24,"Up","Up","Up","Up","Up","Up","Up","Up","Up","Up"
2020-11-25,"Same","Same","Same","Same","Same","Same","Same","Same","Same","Same"
2020-11-26,"Up","Up","Up","Up","Up","Up","Up","Up","Up","Up"
2020-11-27,"Up","Up","Up","Up","Up","Up","Up","Up","Up","Up"
2020-11-28,"Up","Up","Up","Up","Up","Up","Up","Up","Up","Up"
2020-11-29,"Up","Up","Up","Up","Up","Up","Up","Up","Up","Up"
2020-11-30,"Same","Same","Same","Same","Same","Same","Same","Same","Same","Same"
2020-12-01,"Same","Same","Same","Same","Same","Same","Same","Same","Same","Same"
2020-12-02,"Up","Up","Up","Up","Up","Up","Up","Up","Up","Up"
2020-12-03,"Up","Up","Up","Up","Up","Up","Up","Up","Up","Up"
2020-12-04,"Up","Up","Up","Up","Up","Up","Up","Up","Up","Up"
2020-12-05,"Up","Up","Up","Up","Up","Up","Up","Up","Up","Up"
2020-12-06,"Up","Up","Up","Up","Up","Up","Up","Up","Up","Up"
2020-12-07,"Up","Up","Up","Up","Up","Up","Up","Up","Up","Up"
2020-12-08,"Same","Same","Same","Same","Same","Same","Same","Same","Same","Same"
2020-12-09,"Same","Same","Same","Same","Same","Same","Same","Same","Same","Same"
2020-12-10,"Same","Same","Same","Same","Same","Same","Same","Same","Same","Same"
2020-12-11,"Same","Same","Same","Same","Same","Same","Same","Same","Same","Same"
2020-12-12,"Same","Same","Same","Same","Same","Same","Same","Same","Same","Same"
2020-12-13,"Same","Same","Same","Same","Same","Same","Same","Same","Same","Same"
2020-12-14,"Same","Same","Same","Same","Same","Same","Same","Same","Same","Same"
2020-12-15,"Same","Same","Same","Same","Same","Same","Same","Same","Same","Same"
2020-12-16,"Same","Same","Same","Same","Same","Same","Same","Same","Same","Same"
2020-12-17,"Same","Same","Same","Same","Same","Same","Same","Same","Same","Same"
2020-12-18,"Same","Same","Same","Same","Same","Same","Same","Same","Same","Same"
2020-12-19,"Same","Same","Same","Same","Same","Same","Same","Same","Same","Same"
2020-12-20,"Same","Same","Same","Same","Same","Same","Same","Same","Same","Same"
2020-12-21,"Same","Same","Same","Same","Same","Same","Same","Same","Same","Same"
2020-12-22,"Same","Same","Same","Same","Same","Same","Same","Same","Same","Same"
2020-12-23,"Same","Same","Same","Same","Same","Same","Same","Same","Same","Same"
2020-12-24,"Same","Same","Same","Same","Same","Same","Same","Same","Same","Same"
2020-12-25,"Same","Same","Same","Same","Same","Same","Same","Same","Same","Same"
2020-12-26,"Same","Same","Same","Same","Same","Same","Same","Same","Same","Same"
2020-12-27,"Same","Same","Same","Same","Same","Same","Same","Same","Same","Same"
2020-12-28,"Same","Same","Same","Same","Same","Same","Same","Same","Same","Same"
2020-12-29,"Same","Same","Same","Same","Same","Same","Same","Same","Same","Same"
2020-12-30,"Same","Same","Same","Same","Same","Same","Same","Same","Same","Same"
2020-12-31,"Same","Same","Same","Same","Same","Same","Same","Same","Same","Same"
